"Df"	"SumOfSqs"	"R2"	"F"	"Pr(>F)"
"Injury"	1	0.0448390729314849	0.172592074000472	3.12890537866151	0.002
"Residual"	15	0.214958911368548	0.827407925999527	NA	NA
"Total"	16	0.259797984300033	1	NA	NA
