"Df"	"SumOfSqs"	"R2"	"F"	"Pr(>F)"
"Treatment"	1	0.0356731047388014	0.13731093732276	2.38749295539869	0.007
"Residual"	15	0.224124879561232	0.862689062677239	NA	NA
"Total"	16	0.259797984300033	1	NA	NA
