"Df"	"SumOfSqs"	"R2"	"F"	"Pr(>F)"
"Injury"	1	0.294079157178347	0.384258011311387	9.36085288246544	0.001
"Residual"	15	0.471237761458483	0.615741988688613	NA	NA
"Total"	16	0.76531691863683	1	NA	NA
