"Df"	"SumOfSqs"	"R2"	"F"	"Pr(>F)"
"Treatment"	1	0.161720987293296	0.211312442407978	4.01893830529949	0.017
"Residual"	15	0.603595931343534	0.788687557592022	NA	NA
"Total"	16	0.76531691863683	1	NA	NA
