"Df"	"SumOfSqs"	"R2"	"F"	"Pr(>F)"
"Injury"	1	0.427237801681248	0.543001575740313	17.8228702851639	0.001
"Residual"	15	0.359569862916712	0.456998424259687	NA	NA
"Total"	16	0.78680766459796	1	NA	NA
