"Df"	"SumOfSqs"	"R2"	"F"	"Pr(>F)"
"Treatment"	1	0.0677452934470507	0.0938476539703541	1.55350787946783	0.188
"Residual"	15	0.6541192453133	0.906152346029646	NA	NA
"Total"	16	0.721864538760351	1	NA	NA
