"Df"	"SumOfSqs"	"R2"	"F"	"Pr(>F)"
"Injury"	1	0.41053991003653	0.568721537065036	19.7803131599038	0.001
"Residual"	15	0.311324628723821	0.431278462934964	NA	NA
"Total"	16	0.721864538760351	1	NA	NA
