"Df"	"SumOfSqs"	"R2"	"F"	"Pr(>F)"
"Treatment"	1	0.0632297556199293	0.262383101140556	5.3357596920489	0.002
"Residual"	15	0.17775282041136	0.737616898859444	NA	NA
"Total"	16	0.240982576031289	1	NA	NA
