"Df"	"SumOfSqs"	"R2"	"F"	"Pr(>F)"
"Treatment"	1	0.0412902390426414	0.118414255010386	1.88047456480247	0.115
"Residual"	14	0.307402906381613	0.881585744989613	NA	NA
"Total"	15	0.348693145424255	1	NA	NA
