"Df"	"SumOfSqs"	"R2"	"F"	"Pr(>F)"
"Injury"	1	0.0282607123058022	0.117272845079608	1.99279320499975	0.104
"Residual"	15	0.212721863725487	0.882727154920392	NA	NA
"Total"	16	0.240982576031289	1	NA	NA
