"Df"	"SumOfSqs"	"R2"	"F"	"Pr(>F)"
"Injury"	1	0.118922640778783	0.341052419123669	7.24599953972283	0.001
"Residual"	14	0.229770504645471	0.658947580876331	NA	NA
"Total"	15	0.348693145424255	1	NA	NA
